,adj,oriX,catX,allX
0,rand_0,0.18045862817606736,0.23304379384670415,0.3892345795294189
1,rand_1,0.18065013562862792,0.23355892232486664,0.3892345795294189
2,rand_2,0.18091475419422684,0.23414820679725595,0.3892345795294189
3,rand_3,0.1813608357110056,0.23431308868614992,0.3892345795294189
4,rand_4,0.18138933023687823,0.2339149303037437,0.3892345795294189
5,rand_5,0.1806391695758592,0.23320836028557373,0.3892345795294189
6,rand_6,0.18104977991984433,0.23364179160630152,0.3892345795294189
7,rand_7,0.18076559193204222,0.2336042709222398,0.3892345795294189
8,rand_8,0.18082541483357978,0.2341599158195288,0.3892345795294189
9,rand_9,0.18072282918345425,0.23355793131259056,0.3892345795294189
10,rand_10,0.18139360376920086,0.23392861800918788,0.3892345795294189
11,rand_11,0.18116320690091334,0.23379124340626012,0.3892345795294189
12,rand_12,0.181097533939651,0.2337271496176972,0.3892345795294189
13,rand_13,0.18120864310917476,0.23397368117937775,0.3892345795294189
14,rand_14,0.18195215871653855,0.2344981047119178,0.3892345795294189
15,rand_15,0.18138016073723282,0.23394710496791307,0.3892345795294189
16,rand_16,0.18106859654178073,0.23343290470432312,0.3892345795294189
17,rand_17,0.18109567395126408,0.23361033299852846,0.3892345795294189
18,rand_18,0.180606248176975,0.23403739748130453,0.3892345795294189
19,rand_19,0.18074334005188894,0.2339124296814439,0.3892345795294189
20,rand_20,0.18109227509529263,0.2338984362509641,0.3892345795294189
21,rand_21,0.1816798244805137,0.2338089456383037,0.3892345795294189
22,rand_22,0.1814450232905745,0.2336982634289347,0.3892345795294189
23,rand_23,0.18090401016243385,0.23392460059175396,0.3892345795294189
24,rand_24,0.1812974189273094,0.23402729179431975,0.3892345795294189
25,rand_25,0.1819550781469997,0.23358436522918982,0.3892345795294189
26,rand_26,0.18062069068914105,0.23258596525723801,0.3892345795294189
27,rand_27,0.1815967033975167,0.23411444007764454,0.3892345795294189
28,rand_28,0.18097289465676797,0.23349807167421677,0.3892345795294189
29,rand_29,0.18056000387002843,0.23376554708313757,0.3892345795294189
30,rand_30,0.18118927064200746,0.234231619233609,0.3892345795294189
31,rand_31,0.18074044324700458,0.23370117337658247,0.3892345795294189
32,rand_32,0.1809911277560414,0.23347389043956976,0.3892345795294189
33,rand_33,0.18160971900407852,0.2339860299435408,0.3892345795294189
34,rand_34,0.18110981782595903,0.2329490272802525,0.3892345795294189
35,rand_35,0.18090113411805706,0.23384943171979172,0.3892345795294189
36,rand_36,0.18122594499219588,0.23421982580413753,0.3892345795294189
37,rand_37,0.18069782623432087,0.23389566643476023,0.3892345795294189
38,rand_38,0.18110529455192925,0.23365322057944762,0.3892345795294189
39,rand_39,0.18099289367386442,0.2331945336676789,0.3892345795294189
40,rand_40,0.180554239855205,0.23315424533899962,0.3892345795294189
41,rand_41,0.18085402467543152,0.233880867639036,0.3892345795294189
42,rand_42,0.18053862379569333,0.23399076250945,0.3892345795294189
43,rand_43,0.180724278218861,0.23391060561275348,0.3892345795294189
44,rand_44,0.18207021846679006,0.2343903434030363,0.3892345795294189
45,rand_45,0.18119743538420022,0.23382571753607334,0.3892345795294189
46,rand_46,0.18059394311405536,0.23393595021298588,0.3892345795294189
47,rand_47,0.1809721210452614,0.23382543733842392,0.3892345795294189
48,rand_48,0.18034532201432601,0.2326102787867754,0.3892345795294189
49,rand_49,0.1813754640985423,0.2343277243437763,0.3892345795294189
50,rand_50,0.18075462291140773,0.2334540678315022,0.3892345795294189
51,rand_51,0.18068681256512922,0.23401762991364616,0.3892345795294189
52,rand_52,0.18081405596908223,0.2337547199152641,0.3892345795294189
53,rand_53,0.18155923535027663,0.23374832339266016,0.3892345795294189
54,rand_54,0.180959072501535,0.2343919800987951,0.3892345795294189
55,rand_55,0.18114580399678332,0.23458680311022775,0.3892345795294189
56,rand_56,0.18182748947229924,0.234634433320342,0.3892345795294189
57,rand_57,0.18069368857720286,0.2333665732897779,0.3892345795294189
58,rand_58,0.18172029011160126,0.2345010594074885,0.3892345795294189
59,rand_59,0.1809458491547766,0.23352827275582627,0.3892345795294189
60,rand_60,0.18092938982631426,0.23417922511820224,0.3892345795294189
61,rand_61,0.18162335791163833,0.23436176348206159,0.3892345795294189
62,rand_62,0.18151069463801198,0.2340702163475367,0.3892345795294189
63,rand_63,0.18053309784988986,0.23318688100780252,0.3892345795294189
64,rand_64,0.1807200501175557,0.23414816356646492,0.3892345795294189
65,rand_65,0.18087242483374597,0.233467762264385,0.3892345795294189
66,rand_66,0.1815580799036832,0.23424925308192782,0.3892345795294189
67,rand_67,0.18124234017238136,0.23424383977039112,0.3892345795294189
68,rand_68,0.18120338073221007,0.2339072152388719,0.3892345795294189
69,rand_69,0.18125058746764253,0.23436240519923263,0.3892345795294189
70,rand_70,0.1808432452888722,0.23373754380965525,0.3892345795294189
71,rand_71,0.18096927001282248,0.2338110493855921,0.3892345795294189
72,rand_72,0.18132711370095178,0.23441137737277012,0.3892345795294189
73,rand_73,0.18097101403194155,0.23404009709451376,0.3892345795294189
74,rand_74,0.1806823391996831,0.2336241550777959,0.3892345795294189
75,rand_75,0.18106787061982024,0.23403877326930694,0.3892345795294189
76,rand_76,0.18061144311026026,0.2338886834735791,0.3892345795294189
77,rand_77,0.18147441840214498,0.23391406390816635,0.3892345795294189
78,rand_78,0.18120045779689448,0.23367967748761911,0.3892345795294189
79,rand_79,0.18049017196950165,0.2336016103164997,0.3892345795294189
80,rand_80,0.18049640909618386,0.23340696360264793,0.3892345795294189
81,rand_81,0.1810939482129027,0.23315881370355218,0.3892345795294189
82,rand_82,0.1815468214721972,0.23405858363495352,0.3892345795294189
83,rand_83,0.18131341284727492,0.23434646301729176,0.3892345795294189
84,rand_84,0.18107987989866317,0.2341154149671514,0.3892345795294189
85,rand_85,0.18111592497367238,0.23395514586324498,0.3892345795294189
86,rand_86,0.1821575204410067,0.23429771745672218,0.3892345795294189
87,rand_87,0.1814840226349371,0.23376371293188922,0.3892345795294189
88,rand_88,0.18109977027011118,0.2342877950240422,0.3892345795294189
89,rand_89,0.18088633034353452,0.23364148507117294,0.3892345795294189
90,rand_90,0.18136816673410863,0.2339225400309939,0.3892345795294189
91,rand_91,0.18140747930823303,0.23353377425632707,0.3892345795294189
92,rand_92,0.18121757126134272,0.2337612900700822,0.3892345795294189
93,rand_93,0.18155540713205073,0.2337258864363579,0.3892345795294189
94,rand_94,0.18106615581318675,0.233827717330299,0.3892345795294189
95,rand_95,0.181710514052308,0.23408107092019995,0.3892345795294189
96,rand_96,0.18073281916316325,0.2334970981087607,0.3892345795294189
97,rand_97,0.18095803581241707,0.23413177445403496,0.3892345795294189
98,rand_98,0.1810747640060742,0.23344581427127223,0.3892345795294189
99,rand_99,0.18135883010242734,0.23351016386765736,0.3892345795294189
100,rand_100,0.18128252953789528,0.2334096977519708,0.3892345795294189
101,rand_101,0.1812521172275329,0.2329787160597035,0.3892345795294189
102,rand_102,0.18114141278302487,0.23400516363885576,0.3892345795294189
103,rand_103,0.1808194708087368,0.2337799180130203,0.3892345795294189
104,rand_104,0.18144416659404286,0.23429995294102815,0.3892345795294189
105,rand_105,0.1816843080939639,0.234163002012529,0.3892345795294189
106,rand_106,0.18075873482394222,0.2342013644014507,0.3892345795294189
107,rand_107,0.18085857008314404,0.23431135908343936,0.3892345795294189
108,rand_108,0.18102518468451445,0.23387372900824835,0.3892345795294189
109,rand_109,0.1808565534633544,0.23323948574783715,0.3892345795294189
110,rand_110,0.18090429742241465,0.23319620573813316,0.3892345795294189
111,rand_111,0.1811481147907468,0.23374703020378448,0.3892345795294189
112,rand_112,0.18124332199446577,0.23437607658940737,0.3892345795294189
113,rand_113,0.18114149303972157,0.2340220581524365,0.3892345795294189
114,rand_114,0.18176056804181778,0.2341306471124595,0.3892345795294189
115,rand_115,0.1809835956889603,0.23275401200100113,0.3892345795294189
116,rand_116,0.18035526757401865,0.23314768934759955,0.3892345795294189
117,rand_117,0.18196152065037463,0.23413126991886482,0.3892345795294189
118,rand_118,0.18065764667270676,0.2341133670146789,0.3892345795294189
119,rand_119,0.18094360303261217,0.23299750651956988,0.3892345795294189
120,rand_120,0.18152309486925503,0.2343691610602749,0.3892345795294189
121,rand_121,0.18094453667349758,0.23338002039147923,0.3892345795294189
122,rand_122,0.18153883198066317,0.23352412065320488,0.3892345795294189
123,rand_123,0.1813218191428821,0.2345486266917954,0.3892345795294189
124,rand_124,0.18146340070379582,0.23403724158913383,0.3892345795294189
125,rand_125,0.181286888320488,0.23407662158294548,0.3892345795294189
126,rand_126,0.18099448036321075,0.23356344940853815,0.3892345795294189
127,rand_127,0.1812744553120231,0.23395481712840185,0.3892345795294189
128,rand_128,0.18064654136696437,0.23302785975593146,0.3892345795294189
129,rand_129,0.1812212045518998,0.233780900822335,0.3892345795294189
130,rand_130,0.1820112819141187,0.23434588195869727,0.3892345795294189
131,rand_131,0.1810162001427032,0.23428305415924552,0.3892345795294189
132,rand_132,0.1808449195971025,0.23282761291151344,0.3892345795294189
133,rand_133,0.18108004271966832,0.23400667172836906,0.3892345795294189
134,rand_134,0.18147206136135988,0.2336026269569769,0.3892345795294189
135,rand_135,0.1813247728283567,0.23442478314956647,0.3892345795294189
136,rand_136,0.18089569789414092,0.23460848198018772,0.3892345795294189
137,rand_137,0.18063819714078239,0.2334292876208396,0.3892345795294189
138,rand_138,0.18108274368348162,0.23358686712189664,0.3892345795294189
139,rand_139,0.18139989516416993,0.2343198398381589,0.3892345795294189
140,rand_140,0.18068680548174731,0.23313052602607945,0.3892345795294189
141,rand_141,0.18072546913216908,0.23337350829571726,0.3892345795294189
142,rand_142,0.1813392052334048,0.2343344783110472,0.3892345795294189
143,rand_143,0.18174526946307473,0.23429925873443294,0.3892345795294189
144,rand_144,0.18074461761890329,0.2338576184681794,0.3892345795294189
145,rand_145,0.18076249513033646,0.23309858644572662,0.3892345795294189
146,rand_146,0.18147740779494298,0.23366119372050162,0.3892345795294189
147,rand_147,0.1812477222761233,0.2337807786174989,0.3892345795294189
148,rand_148,0.18109022069385447,0.2333726711839905,0.3892345795294189
149,rand_149,0.18122676377644456,0.23377998200959607,0.3892345795294189
150,rand_150,0.18096127452888908,0.23318872716434436,0.3892345795294189
151,rand_151,0.18143178101440896,0.23467612038134925,0.3892345795294189
152,rand_152,0.18095055298328425,0.23443809451511258,0.3892345795294189
153,rand_153,0.18134757303862703,0.23402000518440955,0.3892345795294189
154,rand_154,0.18161722183883874,0.23410641309737035,0.3892345795294189
155,rand_155,0.18061727718076884,0.23349995053228043,0.3892345795294189
156,rand_156,0.181346052505789,0.23300747755763085,0.3892345795294189
157,rand_157,0.18103554935220093,0.2339136769148685,0.3892345795294189
158,rand_158,0.18022066835402709,0.23342087130597616,0.3892345795294189
159,rand_159,0.18103814428517329,0.2338194057821606,0.3892345795294189
160,rand_160,0.18076794058233983,0.23348283507151102,0.3892345795294189
161,rand_161,0.1804262330068328,0.23378044436388196,0.3892345795294189
162,rand_162,0.1806116757782035,0.23401304812495147,0.3892345795294189
163,rand_163,0.18129763215468694,0.23394377180972797,0.3892345795294189
164,rand_164,0.18072888043849206,0.233675024711512,0.3892345795294189
165,rand_165,0.18138739545547466,0.23371602514851916,0.3892345795294189
166,rand_166,0.18144464950289402,0.23434198346414037,0.3892345795294189
167,rand_167,0.18154035237289562,0.2347246979290335,0.3892345795294189
168,rand_168,0.18108890472030303,0.23358750900785022,0.3892345795294189
169,rand_169,0.1808324004795058,0.2342147060406795,0.3892345795294189
170,rand_170,0.18194159893731737,0.23416821229824614,0.3892345795294189
171,rand_171,0.18129933075814958,0.23431925777765114,0.3892345795294189
172,rand_172,0.18212070160034807,0.23441040007372813,0.3892345795294189
173,rand_173,0.18177144802040543,0.234193479715881,0.3892345795294189
174,rand_174,0.1811713380033876,0.23407735811379754,0.3892345795294189
175,rand_175,0.18067540161255646,0.23361572240896783,0.3892345795294189
176,rand_176,0.18123897572469885,0.23392419198597728,0.3892345795294189
177,rand_177,0.18108004224505286,0.23447553818003308,0.3892345795294189
178,rand_178,0.1818854697913948,0.23444455162669395,0.3892345795294189
179,rand_179,0.18152671802092615,0.23455928480749347,0.3892345795294189
180,rand_180,0.18130903037810223,0.23388396660403146,0.3892345795294189
181,rand_181,0.18136193591110544,0.2345547373402691,0.3892345795294189
182,rand_182,0.18035700470740942,0.2327293300323186,0.3892345795294189
183,rand_183,0.1812413357904768,0.23385533738958098,0.3892345795294189
184,rand_184,0.1810588121161242,0.2340817190812086,0.3892345795294189
185,rand_185,0.18086469224585963,0.23417435512665039,0.3892345795294189
186,rand_186,0.18104565460446362,0.23390243404279873,0.3892345795294189
187,rand_187,0.1808144518618823,0.23333482856017732,0.3892345795294189
188,rand_188,0.18130452098801147,0.2344236854239133,0.3892345795294189
189,rand_189,0.1812286236182899,0.2335047577545111,0.3892345795294189
190,rand_190,0.18128535176243785,0.2339411586513697,0.3892345795294189
191,rand_191,0.1810405720245918,0.23399958411015043,0.3892345795294189
192,rand_192,0.1811733551150755,0.23394223779048534,0.3892345795294189
193,rand_193,0.18107478017107312,0.23357689651731675,0.3892345795294189
194,rand_194,0.1812670600474219,0.23418803419172438,0.3892345795294189
195,rand_195,0.18126410494804782,0.23410106757134524,0.3892345795294189
196,rand_196,0.1804710356300933,0.23313871311409012,0.3892345795294189
197,rand_197,0.1818614680274554,0.23481807967147547,0.3892345795294189
198,rand_198,0.18088661388603866,0.23295061092044905,0.3892345795294189
199,rand_199,0.18080554613913255,0.23353678329580616,0.3892345795294189
200,rand_200,0.18066148625874093,0.2328844290151741,0.3892345795294189
201,rand_201,0.18107792968998074,0.23419029338053632,0.3892345795294189
202,rand_202,0.1810599548479322,0.2337609134884158,0.3892345795294189
203,rand_203,0.1806281345860027,0.2335403653274982,0.3892345795294189
204,rand_204,0.18065095686501773,0.23398566404920332,0.3892345795294189
205,rand_205,0.18102762542730394,0.23308283230110324,0.3892345795294189
206,rand_206,0.18166194448579764,0.23364474271239866,0.3892345795294189
207,rand_207,0.18166857772943248,0.23432593901800852,0.3892345795294189
208,rand_208,0.1805726800702436,0.23355091924850452,0.3892345795294189
209,rand_209,0.18107771080072693,0.23356742722280707,0.3892345795294189
210,rand_210,0.1816485318701229,0.23449917941782525,0.3892345795294189
211,rand_211,0.18101412148473647,0.23374749090766353,0.3892345795294189
212,rand_212,0.18140097610110978,0.23402952893859977,0.3892345795294189
213,rand_213,0.18068829065638997,0.23342974876166409,0.3892345795294189
214,rand_214,0.18166825482657165,0.23393312602972086,0.3892345795294189
215,rand_215,0.1807470563949294,0.23344914077228623,0.3892345795294189
216,rand_216,0.18126993566203517,0.23427759454047145,0.3892345795294189
217,rand_217,0.18115578398641777,0.2345976759290018,0.3892345795294189
218,rand_218,0.18139325422000147,0.23415471869610407,0.3892345795294189
219,rand_219,0.1809996722588731,0.23381888395293637,0.3892345795294189
220,rand_220,0.18123994261946105,0.23415166583390246,0.3892345795294189
221,rand_221,0.18182585494837114,0.23434826627600755,0.3892345795294189
222,rand_222,0.18128533158791565,0.2337786142189237,0.3892345795294189
223,rand_223,0.18070650608323902,0.23372994816994508,0.3892345795294189
224,rand_224,0.1815073339784727,0.23432140132254065,0.3892345795294189
225,rand_225,0.18108001830359435,0.23366321225203202,0.3892345795294189
226,rand_226,0.18107853833189486,0.23351805325211514,0.3892345795294189
227,rand_227,0.18109211009680728,0.2334409837988651,0.3892345795294189
228,rand_228,0.18153119275374952,0.23441776662369257,0.3892345795294189
229,rand_229,0.1809756508031336,0.23356740044827504,0.3892345795294189
230,rand_230,0.1814267183720981,0.2345795576039551,0.3892345795294189
231,rand_231,0.18055311115545647,0.2331826153592196,0.3892345795294189
232,rand_232,0.18063713690837907,0.23385862846869418,0.3892345795294189
233,rand_233,0.18104109097451365,0.23431481993439876,0.3892345795294189
234,rand_234,0.1815521435113445,0.23409221084292878,0.3892345795294189
235,rand_235,0.181015364264133,0.2338618977075334,0.3892345795294189
236,rand_236,0.18060574505771593,0.23362886404687455,0.3892345795294189
237,rand_237,0.18105492326989361,0.23331985566128002,0.3892345795294189
238,rand_238,0.18072510116480256,0.23348399856591576,0.3892345795294189
239,rand_239,0.18122983458679234,0.233788328195456,0.3892345795294189
240,rand_240,0.1812675421477657,0.23446124421945608,0.3892345795294189
241,rand_241,0.18072314097699196,0.23362256637972723,0.3892345795294189
242,rand_242,0.18124741696729652,0.23374759009509224,0.3892345795294189
243,rand_243,0.18083490148417505,0.2333836876029994,0.3892345795294189
244,rand_244,0.18108343857946785,0.2340555508846593,0.3892345795294189
245,rand_245,0.18078703099966084,0.23388241585258693,0.3892345795294189
246,rand_246,0.1815090256206455,0.23462491968690732,0.3892345795294189
247,rand_247,0.180568214606316,0.23361765993241798,0.3892345795294189
248,rand_248,0.18017415710680146,0.23324463381245544,0.3892345795294189
249,rand_249,0.18122331192694294,0.23366603846280404,0.3892345795294189
250,rand_250,0.18053404140747134,0.2339646147050529,0.3892345795294189
251,rand_251,0.18112541754568212,0.2337987813273888,0.3892345795294189
252,rand_252,0.18135647728497714,0.23380996008048613,0.3892345795294189
253,rand_253,0.18076708518148787,0.23410315557037406,0.3892345795294189
254,rand_254,0.1808932067858107,0.23406745571188614,0.3892345795294189
255,rand_255,0.18092300131089173,0.23348720900158929,0.3892345795294189
256,rand_256,0.18154887931331362,0.23436017761145764,0.3892345795294189
257,rand_257,0.18078522585147505,0.23384420218356186,0.3892345795294189
258,rand_258,0.18151522306210707,0.2343091496244836,0.3892345795294189
259,rand_259,0.18118310687081648,0.23412707550046125,0.3892345795294189
260,rand_260,0.18128170417817585,0.23392657110153464,0.3892345795294189
261,rand_261,0.1819255829955548,0.23393956181272488,0.3892345795294189
262,rand_262,0.1807169901366202,0.23331297816657867,0.3892345795294189
263,rand_263,0.18088875060269877,0.23388774693546466,0.3892345795294189
264,rand_264,0.1812090326734875,0.23376037734361274,0.3892345795294189
265,rand_265,0.1813100734577505,0.23401106943794303,0.3892345795294189
266,rand_266,0.180640092515223,0.233973677292774,0.3892345795294189
267,rand_267,0.18066586132917478,0.23372203574859549,0.3892345795294189
268,rand_268,0.18091248196717044,0.23377809924703058,0.3892345795294189
269,rand_269,0.1808969113379362,0.23368393913630608,0.3892345795294189
270,rand_270,0.18176230540452126,0.23440738701635397,0.3892345795294189
271,rand_271,0.18108907023740922,0.23335401170413964,0.3892345795294189
272,rand_272,0.18099214668738473,0.2337886143578858,0.3892345795294189
273,rand_273,0.18109873669487386,0.23457361472532048,0.3892345795294189
274,rand_274,0.1813439993678299,0.23460342409737306,0.3892345795294189
275,rand_275,0.1812259213157442,0.23375784278165368,0.3892345795294189
276,rand_276,0.18132672289192633,0.23347831609214673,0.3892345795294189
277,rand_277,0.18136436037369527,0.23362129574353882,0.3892345795294189
278,rand_278,0.18151410960302308,0.23399036658115793,0.3892345795294189
279,rand_279,0.18102576777379412,0.2346881062078439,0.3892345795294189
280,rand_280,0.18165798081863732,0.2338880419494675,0.3892345795294189
281,rand_281,0.18123475747796228,0.23428165644581084,0.3892345795294189
282,rand_282,0.18066565354608208,0.23336898456559516,0.3892345795294189
283,rand_283,0.1805772672191396,0.2338096025873245,0.3892345795294189
284,rand_284,0.1820311057214096,0.23434168131614766,0.3892345795294189
285,rand_285,0.1814270777797841,0.23421204450229965,0.3892345795294189
286,rand_286,0.18127643640055913,0.23441002553172705,0.3892345795294189
287,rand_287,0.1810441935844437,0.2343572997069505,0.3892345795294189
288,rand_288,0.18106154643277578,0.23359622925850768,0.3892345795294189
289,rand_289,0.18103199649953294,0.23370923353466558,0.3892345795294189
290,rand_290,0.1808709929896672,0.23454399994159333,0.3892345795294189
291,rand_291,0.1811700685920031,0.23393352166089684,0.3892345795294189
292,rand_292,0.1811073203951355,0.23365043953042428,0.3892345795294189
293,rand_293,0.18126102316758186,0.23423382047329852,0.3892345795294189
294,rand_294,0.18108631393107144,0.23328015463015436,0.3892345795294189
295,rand_295,0.1819121720319144,0.23359828183541373,0.3892345795294189
296,rand_296,0.18041118508720355,0.23433557363482646,0.3892345795294189
297,rand_297,0.18171266641763023,0.2345798792381419,0.3892345795294189
298,rand_298,0.1811974720029591,0.23329916671474538,0.3892345795294189
299,rand_299,0.18031338016137127,0.23292468275652375,0.3892345795294189
300,rand_300,0.18115818188993213,0.2340583095664978,0.3892345795294189
301,rand_301,0.18089949800726843,0.23444687844259457,0.3892345795294189
302,rand_302,0.18100330190717026,0.23364469303132443,0.3892345795294189
303,rand_303,0.18146524594859179,0.23419839624741703,0.3892345795294189
304,rand_304,0.1807538855442966,0.2335913427266241,0.3892345795294189
305,rand_305,0.18089995522691169,0.23405045546248057,0.3892345795294189
306,rand_306,0.1807362684897906,0.23375325191980545,0.3892345795294189
307,rand_307,0.18149796063619159,0.23427739356976235,0.3892345795294189
308,rand_308,0.18084210639233805,0.23335007940280195,0.3892345795294189
309,rand_309,0.1812438082101888,0.2330411595383689,0.3892345795294189
310,rand_310,0.18071447983514485,0.23395958098046518,0.3892345795294189
311,rand_311,0.18056919473445057,0.23408938124773238,0.3892345795294189
312,rand_312,0.18068504325344512,0.23353592321699718,0.3892345795294189
313,rand_313,0.18133811948377251,0.23348606521641554,0.3892345795294189
314,rand_314,0.18095086951287884,0.23414394157773605,0.3892345795294189
315,rand_315,0.18124665595858983,0.23364807844527974,0.3892345795294189
316,rand_316,0.1815134653228284,0.2343092080234534,0.3892345795294189
317,rand_317,0.18099268920296768,0.2333779578354454,0.3892345795294189
318,rand_318,0.18093410786255912,0.23402458216569455,0.3892345795294189
319,rand_319,0.18113335346254686,0.2337952811717307,0.3892345795294189
320,rand_320,0.18083973369453096,0.23372209664995056,0.3892345795294189
321,rand_321,0.18182704593057003,0.23439024172212253,0.3892345795294189
322,rand_322,0.18130750432958612,0.2345711747313364,0.3892345795294189
323,rand_323,0.18132051501534535,0.23382551113725303,0.3892345795294189
324,rand_324,0.1819297235818666,0.23428621336967748,0.3892345795294189
325,rand_325,0.18121537038613136,0.23348990632023767,0.3892345795294189
326,rand_326,0.18140419695699653,0.23422969392202742,0.3892345795294189
327,rand_327,0.1812971459706569,0.23364342894770643,0.3892345795294189
328,rand_328,0.18108758355915158,0.23387778922443941,0.3892345795294189
329,rand_329,0.18101750301951772,0.23354903904836924,0.3892345795294189
330,rand_330,0.18154448749756827,0.2341231391473699,0.3892345795294189
331,rand_331,0.18116831629551486,0.23432824824587623,0.3892345795294189
332,rand_332,0.1809872029768299,0.23300750683035135,0.3892345795294189
333,rand_333,0.18151604508230063,0.23446395609054732,0.3892345795294189
334,rand_334,0.1816048800437239,0.23447921218872622,0.3892345795294189
335,rand_335,0.18116434509658805,0.23384074487534753,0.3892345795294189
336,rand_336,0.18129981431207545,0.23440182573294074,0.3892345795294189
337,rand_337,0.18068062327111178,0.23348995764164363,0.3892345795294189
338,rand_338,0.1814616825539487,0.2341250257602358,0.3892345795294189
339,rand_339,0.18053522033863498,0.23352436359235743,0.3892345795294189
340,rand_340,0.18118438347113527,0.2335081067905961,0.3892345795294189
341,rand_341,0.18160417353365224,0.23371335317527786,0.3892345795294189
342,rand_342,0.18121992514665872,0.2340821492258048,0.3892345795294189
343,rand_343,0.18067542190810668,0.23358064348338653,0.3892345795294189
344,rand_344,0.1810639003295565,0.23435437429213574,0.3892345795294189
345,rand_345,0.18052203122120586,0.23289762885365312,0.3892345795294189
346,rand_346,0.18093728691759198,0.2338149956206987,0.3892345795294189
347,rand_347,0.18106563066983616,0.23429440759795653,0.3892345795294189
348,rand_348,0.18092506509102463,0.23442473564054842,0.3892345795294189
349,rand_349,0.18127559857507408,0.2341876561338202,0.3892345795294189
350,rand_350,0.18093788399362262,0.233961285965846,0.3892345795294189
351,rand_351,0.18101539634384403,0.23409774758757348,0.3892345795294189
352,rand_352,0.18077890230649035,0.23314612770072882,0.3892345795294189
353,rand_353,0.18094536277993897,0.23376457120058444,0.3892345795294189
354,rand_354,0.18085351262247995,0.23419957916572773,0.3892345795294189
355,rand_355,0.18111718453649725,0.23416864285135272,0.3892345795294189
356,rand_356,0.18122230881607654,0.2342461176394031,0.3892345795294189
357,rand_357,0.1809565106254661,0.23387422361928376,0.3892345795294189
358,rand_358,0.18080104265138164,0.2330954709219572,0.3892345795294189
359,rand_359,0.18102297220996563,0.23462895010130844,0.3892345795294189
360,rand_360,0.18076469823421157,0.2334891012325721,0.3892345795294189
361,rand_361,0.18108300856757434,0.23410452413230207,0.3892345795294189
362,rand_362,0.18123932319033167,0.2337179023272424,0.3892345795294189
363,rand_363,0.18162844112464252,0.23422173575460023,0.3892345795294189
364,rand_364,0.18108796144178677,0.23398707578410402,0.3892345795294189
365,rand_365,0.18127050733568978,0.23396261195871954,0.3892345795294189
366,rand_366,0.1811163781168162,0.23427519084666967,0.3892345795294189
367,rand_367,0.18105132657235082,0.23451452022629024,0.3892345795294189
368,rand_368,0.18153901608161332,0.2344053462111303,0.3892345795294189
369,rand_369,0.1813828750675171,0.23396260741963212,0.3892345795294189
370,rand_370,0.18136088575488013,0.2342785488420389,0.3892345795294189
371,rand_371,0.18053313407094781,0.2335557053910123,0.3892345795294189
372,rand_372,0.18118089065406595,0.23355479970698276,0.3892345795294189
373,rand_373,0.1813901782188704,0.2339020130370733,0.3892345795294189
374,rand_374,0.1813930346880133,0.2342850219172648,0.3892345795294189
375,rand_375,0.180875519724011,0.2336812368145544,0.3892345795294189
376,rand_376,0.18127391844123497,0.23456749295351811,0.3892345795294189
377,rand_377,0.181390242943488,0.2343579571241124,0.3892345795294189
378,rand_378,0.18074315356610413,0.234004228619555,0.3892345795294189
379,rand_379,0.18093071566143243,0.23349209785180838,0.3892345795294189
380,rand_380,0.1809046229502643,0.23405002017156465,0.3892345795294189
381,rand_381,0.18102004210931325,0.23361512671413123,0.3892345795294189
382,rand_382,0.1810054650453895,0.23356343473019386,0.3892345795294189
383,rand_383,0.18121536901011434,0.23396463519165758,0.3892345795294189
384,rand_384,0.18134803114725742,0.2340070213989634,0.3892345795294189
385,rand_385,0.1800714841006449,0.2327591410601452,0.3892345795294189
386,rand_386,0.1804473516301827,0.23394659274240448,0.3892345795294189
387,rand_387,0.18140272673559107,0.23338089770382694,0.3892345795294189
388,rand_388,0.18032203022958654,0.23320479208002556,0.3892345795294189
389,rand_389,0.181336275145486,0.23369998586793336,0.3892345795294189
390,rand_390,0.18068090099799067,0.2332923675037061,0.3892345795294189
391,rand_391,0.18130456063006173,0.23366779905216667,0.3892345795294189
392,rand_392,0.18110825774744535,0.23393293402593818,0.3892345795294189
393,rand_393,0.1817958657164881,0.23453649125807952,0.3892345795294189
394,rand_394,0.18081262829987385,0.2338499466428919,0.3892345795294189
395,rand_395,0.18084247061619763,0.23370473561245705,0.3892345795294189
396,rand_396,0.18161923502076396,0.23385370353983384,0.3892345795294189
397,rand_397,0.18091293776243508,0.23338074103162418,0.3892345795294189
398,rand_398,0.18145708604889405,0.23447331106323105,0.3892345795294189
399,rand_399,0.1811961258730704,0.2338434273678134,0.3892345795294189
400,rand_400,0.18100591881973838,0.23363976867756905,0.3892345795294189
401,rand_401,0.18079886478018634,0.23352315099850768,0.3892345795294189
402,rand_402,0.1808738544585386,0.2336118147744785,0.3892345795294189
403,rand_403,0.1812533116763837,0.23393265625152415,0.3892345795294189
404,rand_404,0.1810336612039107,0.23433817138550378,0.3892345795294189
405,rand_405,0.18096365948894907,0.23411852893118873,0.3892345795294189
406,rand_406,0.18058595549617756,0.2332078813774527,0.3892345795294189
407,rand_407,0.1807661513748206,0.23414497911304805,0.3892345795294189
408,rand_408,0.18071922012588895,0.23329006471012065,0.3892345795294189
409,rand_409,0.18134040712085076,0.23393030389918287,0.3892345795294189
410,rand_410,0.18075217176519226,0.23345405082225404,0.3892345795294189
411,rand_411,0.18123574997123257,0.233944248710301,0.3892345795294189
412,rand_412,0.18133543474573882,0.23334919616869607,0.3892345795294189
413,rand_413,0.18087081078842038,0.2336528615612536,0.3892345795294189
414,rand_414,0.18121490120235792,0.23409425857981558,0.3892345795294189
415,rand_415,0.18160416508042662,0.23411949441539834,0.3892345795294189
416,rand_416,0.18152785743035976,0.2343693977078862,0.3892345795294189
417,rand_417,0.1810566687023426,0.233143533569852,0.3892345795294189
418,rand_418,0.18032829619916155,0.23343302557184517,0.3892345795294189
419,rand_419,0.1816533064846543,0.23370089728741889,0.3892345795294189
420,rand_420,0.18109912933895467,0.23326969887610485,0.3892345795294189
421,rand_421,0.18139738058032912,0.23363987014475374,0.3892345795294189
422,rand_422,0.18111623194903834,0.23442333316884667,0.3892345795294189
423,rand_423,0.18025628431407004,0.23391925788206214,0.3892345795294189
424,rand_424,0.18120401859634166,0.23383036694899062,0.3892345795294189
425,rand_425,0.1811664980967042,0.23412861161059945,0.3892345795294189
426,rand_426,0.18029499065889373,0.23394816969288132,0.3892345795294189
427,rand_427,0.18137868560525425,0.23403793437131745,0.3892345795294189
428,rand_428,0.18103218886347625,0.2339789682169991,0.3892345795294189
429,rand_429,0.18106007369339666,0.23420032171124383,0.3892345795294189
430,rand_430,0.18113998216152305,0.23394150381440398,0.3892345795294189
431,rand_431,0.18124292025811517,0.2339848776847209,0.3892345795294189
432,rand_432,0.1809440315182873,0.23439522447191227,0.3892345795294189
433,rand_433,0.18082377295528626,0.23385251896024617,0.3892345795294189
434,rand_434,0.1812281125756857,0.23383468896395493,0.3892345795294189
435,rand_435,0.18039134697258827,0.2336095483214198,0.3892345795294189
436,rand_436,0.18114006613679207,0.23354593212793773,0.3892345795294189
437,rand_437,0.18148051799014017,0.23408931640951455,0.3892345795294189
438,rand_438,0.18041427891400239,0.23431618297022586,0.3892345795294189
439,rand_439,0.1808384380539265,0.23402945909314327,0.3892345795294189
440,rand_440,0.18168820115222847,0.2343765501301678,0.3892345795294189
441,rand_441,0.1807504372993512,0.23298225645145101,0.3892345795294189
442,rand_442,0.1818650607667665,0.23482983274913932,0.3892345795294189
443,rand_443,0.18084414834964901,0.23365652344303975,0.3892345795294189
444,rand_444,0.1805206254892296,0.23328353198596222,0.3892345795294189
445,rand_445,0.18090354851112062,0.2328187300412284,0.3892345795294189
446,rand_446,0.18112116378130622,0.23365717515397116,0.3892345795294189
447,rand_447,0.1807482079730835,0.2337461711822578,0.3892345795294189
448,rand_448,0.1806611018538091,0.23367912393694293,0.3892345795294189
449,rand_449,0.18074621974191896,0.2337347118242285,0.3892345795294189
450,rand_450,0.18020377995543027,0.2334697399242777,0.3892345795294189
451,rand_451,0.18172030076679965,0.2341345719072697,0.3892345795294189
452,rand_452,0.18164309013691002,0.23406007128882125,0.3892345795294189
453,rand_453,0.180646925612552,0.23357565849621995,0.3892345795294189
454,rand_454,0.18154370247041698,0.23437450243040386,0.3892345795294189
455,rand_455,0.1811462340253634,0.2337013203772506,0.3892345795294189
456,rand_456,0.18129980275975519,0.23399297048560058,0.3892345795294189
457,rand_457,0.18131397855265957,0.23383015687843306,0.3892345795294189
458,rand_458,0.18113263895410756,0.23362828919847703,0.3892345795294189
459,rand_459,0.18146290508412982,0.2339835397784197,0.3892345795294189
460,rand_460,0.18146484413226904,0.23403363890575016,0.3892345795294189
461,rand_461,0.1812207910978574,0.23400833549939828,0.3892345795294189
462,rand_462,0.18094790482122203,0.23408709795444185,0.3892345795294189
463,rand_463,0.18168186535031491,0.23388712992202246,0.3892345795294189
464,rand_464,0.18100256601695205,0.2334644160269155,0.3892345795294189
465,rand_465,0.18093130711665664,0.23282745910350167,0.3892345795294189
466,rand_466,0.1815477686764723,0.2345418403627052,0.3892345795294189
467,rand_467,0.18111701051817594,0.23393133976871192,0.3892345795294189
468,rand_468,0.1812015868226641,0.23369185080820998,0.3892345795294189
469,rand_469,0.1814408917926859,0.23411416197774854,0.3892345795294189
470,rand_470,0.18145614001256405,0.2342434763139591,0.3892345795294189
471,rand_471,0.18082860352776298,0.23354096736704938,0.3892345795294189
472,rand_472,0.18080881303853674,0.23300499568312688,0.3892345795294189
473,rand_473,0.18110064104549148,0.2338441503184271,0.3892345795294189
474,rand_474,0.18154304930032603,0.2345153004747978,0.3892345795294189
475,rand_475,0.18100836141362137,0.23395394112952905,0.3892345795294189
476,rand_476,0.18130596133120258,0.23410787648280657,0.3892345795294189
477,rand_477,0.1808576191596922,0.2333599881468585,0.3892345795294189
478,rand_478,0.1814983806841239,0.23397155179644477,0.3892345795294189
479,rand_479,0.18119852892632127,0.2340380242055121,0.3892345795294189
480,rand_480,0.1808546812750036,0.23411825947624232,0.3892345795294189
481,rand_481,0.1810826106710638,0.23389536547456796,0.3892345795294189
482,rand_482,0.18085083360512577,0.23319141760118609,0.3892345795294189
483,rand_483,0.1809536209544184,0.23331119452862004,0.3892345795294189
484,rand_484,0.18058624569846773,0.23346264221909685,0.3892345795294189
485,rand_485,0.18118788480154838,0.2335359723656502,0.3892345795294189
486,rand_486,0.1815393746222913,0.23420199102933562,0.3892345795294189
487,rand_487,0.18108151650328383,0.23380025475477545,0.3892345795294189
488,rand_488,0.18110294309843164,0.23392378710206396,0.3892345795294189
489,rand_489,0.18068784487456782,0.23322617475943802,0.3892345795294189
490,rand_490,0.18126895641342328,0.23414234571405,0.3892345795294189
491,rand_491,0.18085173740351393,0.2343642371417791,0.3892345795294189
492,rand_492,0.1816957764330347,0.23369501056278083,0.3892345795294189
493,rand_493,0.18086631483007426,0.23356526064455813,0.3892345795294189
494,rand_494,0.18033029675011567,0.23307168148438745,0.3892345795294189
495,rand_495,0.18166121287134038,0.23468184024301653,0.3892345795294189
496,rand_496,0.1808113815240768,0.23362572109849614,0.3892345795294189
497,rand_497,0.18013722995551282,0.2330766233514022,0.3892345795294189
498,rand_498,0.18126376043750897,0.2341225688076602,0.3892345795294189
499,rand_499,0.18134099469299259,0.2333598724537498,0.3892345795294189
500,rand_500,0.18106209404927393,0.23319401889798683,0.3892345795294189
501,rand_501,0.18043685731296724,0.2336166082802805,0.3892345795294189
502,rand_502,0.1811108606930467,0.23374656459114374,0.3892345795294189
503,rand_503,0.18119290011978553,0.2335013995963243,0.3892345795294189
504,rand_504,0.1812452642497545,0.23362824700977422,0.3892345795294189
505,rand_505,0.18103736096243628,0.2334903363524531,0.3892345795294189
506,rand_506,0.1810654160253536,0.23352039762454446,0.3892345795294189
507,rand_507,0.18077367423931295,0.23333397542234555,0.3892345795294189
508,rand_508,0.18155578037992032,0.23357465460896665,0.3892345795294189
509,rand_509,0.18123766479454653,0.23358608256748564,0.3892345795294189
510,rand_510,0.1804262758508296,0.23374225103011434,0.3892345795294189
511,rand_511,0.18090472256319157,0.23371859667197256,0.3892345795294189
512,rand_512,0.18139656719603675,0.23436906934336918,0.3892345795294189
513,rand_513,0.18139530811317753,0.23417774278080503,0.3892345795294189
514,rand_514,0.1802921824345621,0.23325183447964226,0.3892345795294189
515,rand_515,0.18084085900756353,0.23421397897080126,0.3892345795294189
516,rand_516,0.18176086432825375,0.23406169901654386,0.3892345795294189
517,rand_517,0.18038086203784023,0.23377136578691815,0.3892345795294189
518,rand_518,0.18069359564967483,0.23360075124333576,0.3892345795294189
519,rand_519,0.18037435270619262,0.23305960550415813,0.3892345795294189
520,rand_520,0.18125512163496454,0.23453281301985227,0.3892345795294189
521,rand_521,0.1814359112337113,0.23374262917853214,0.3892345795294189
522,rand_522,0.18126841477673317,0.23357765110118162,0.3892345795294189
523,rand_523,0.1812373217646345,0.2334226165170964,0.3892345795294189
524,rand_524,0.18135540095379785,0.23429242080985518,0.3892345795294189
525,rand_525,0.18155276606738147,0.23424452814816518,0.3892345795294189
526,rand_526,0.18091526422984228,0.23418404174527296,0.3892345795294189
527,rand_527,0.18085268746271382,0.23353509755708649,0.3892345795294189
528,rand_528,0.1813251612665475,0.23378071067608847,0.3892345795294189
529,rand_529,0.18069657905147726,0.23343283945903262,0.3892345795294189
530,rand_530,0.1809018107055593,0.234341628468309,0.3892345795294189
531,rand_531,0.1814948002585143,0.23410764584457586,0.3892345795294189
532,rand_532,0.18056539636806768,0.23315715791980904,0.3892345795294189
533,rand_533,0.18133420079537924,0.23350233698341516,0.3892345795294189
534,rand_534,0.18101537297246886,0.23326783738614348,0.3892345795294189
535,rand_535,0.18098121728508848,0.23429886642673875,0.3892345795294189
536,rand_536,0.18076761491601634,0.2341283975211182,0.3892345795294189
537,rand_537,0.1813045038070358,0.2342437763863754,0.3892345795294189
538,rand_538,0.18078605499635758,0.23377738613063223,0.3892345795294189
539,rand_539,0.18126571262105112,0.23365808212671207,0.3892345795294189
540,rand_540,0.18005344945613727,0.23262913145133635,0.3892345795294189
541,rand_541,0.1810845436577517,0.23392552761309102,0.3892345795294189
542,rand_542,0.1807796793830879,0.23381258492293072,0.3892345795294189
543,rand_543,0.18136904376908536,0.23429180629276566,0.3892345795294189
544,rand_544,0.18181050175576555,0.23406501446875067,0.3892345795294189
545,rand_545,0.18158193065356398,0.2344099690172007,0.3892345795294189
546,rand_546,0.18006663654434787,0.23293164658723148,0.3892345795294189
547,rand_547,0.18169025532749852,0.23430257959198383,0.3892345795294189
548,rand_548,0.18155135600947273,0.23438873150914183,0.3892345795294189
549,rand_549,0.1816376060284642,0.23383355413765458,0.3892345795294189
550,rand_550,0.1807315712630204,0.2333743464848909,0.3892345795294189
551,rand_551,0.18135810452720652,0.23424354824882285,0.3892345795294189
552,rand_552,0.18060561921883986,0.2342863581204258,0.3892345795294189
553,rand_553,0.18122805216983637,0.23383411975941013,0.3892345795294189
554,rand_554,0.18068976367449752,0.23385354534598338,0.3892345795294189
555,rand_555,0.18099564472246002,0.23391950576792508,0.3892345795294189
556,rand_556,0.18133032896612156,0.23441813126365638,0.3892345795294189
557,rand_557,0.18103294933752087,0.23339806452385214,0.3892345795294189
558,rand_558,0.18016178647136297,0.23311877111201304,0.3892345795294189
559,rand_559,0.18087437487079708,0.2338730283385547,0.3892345795294189
560,rand_560,0.1809790039743018,0.23382774439489448,0.3892345795294189
561,rand_561,0.18111712313814202,0.23418274456033655,0.3892345795294189
562,rand_562,0.18030370336987228,0.23358428531503597,0.3892345795294189
563,rand_563,0.1815059029742437,0.23404821066915996,0.3892345795294189
564,rand_564,0.18082493812655268,0.23375978786620347,0.3892345795294189
565,rand_565,0.18099041203273272,0.23383925371105665,0.3892345795294189
566,rand_566,0.18202677570787795,0.23447274602035545,0.3892345795294189
567,rand_567,0.1817010971049455,0.233948760198198,0.3892345795294189
568,rand_568,0.18055721596356228,0.23372033187926208,0.3892345795294189
569,rand_569,0.18098435958301884,0.23412991384235357,0.3892345795294189
570,rand_570,0.180652892546032,0.2333194994195812,0.3892345795294189
571,rand_571,0.1818814197773911,0.2346607507256437,0.3892345795294189
572,rand_572,0.18049920815832196,0.2332100104749646,0.3892345795294189
573,rand_573,0.18178809536486584,0.23472942326397503,0.3892345795294189
574,rand_574,0.1813358760616805,0.23423296241458857,0.3892345795294189
575,rand_575,0.1804444302175118,0.23324798670480434,0.3892345795294189
576,rand_576,0.1808919189669177,0.23379188518317895,0.3892345795294189
577,rand_577,0.1810397769069095,0.23376798204633695,0.3892345795294189
578,rand_578,0.18156344294326537,0.23401685616655674,0.3892345795294189
579,rand_579,0.18036940729412207,0.23367205866988183,0.3892345795294189
580,rand_580,0.18099506573312804,0.23372648835264898,0.3892345795294189
581,rand_581,0.18122553834467825,0.2337807414967509,0.3892345795294189
582,rand_582,0.18129970817048832,0.23445938120760904,0.3892345795294189
583,rand_583,0.18078609047315253,0.2337166104952904,0.3892345795294189
584,rand_584,0.18134905694507558,0.23411553206142866,0.3892345795294189
585,rand_585,0.18049198225712498,0.23329209895879588,0.3892345795294189
586,rand_586,0.1809118592621381,0.23364095418708478,0.3892345795294189
587,rand_587,0.18147115481361045,0.23435677575396838,0.3892345795294189
588,rand_588,0.18107219134461738,0.23360357009812827,0.3892345795294189
589,rand_589,0.18098896161435862,0.2342672770699768,0.3892345795294189
590,rand_590,0.18098043389479673,0.2334334272143049,0.3892345795294189
591,rand_591,0.18063298377500778,0.2336330729414778,0.3892345795294189
592,rand_592,0.18136790099262112,0.23416792981792448,0.3892345795294189
593,rand_593,0.1812098883605587,0.23421087943829721,0.3892345795294189
594,rand_594,0.1810319537093608,0.2333978066686445,0.3892345795294189
595,rand_595,0.18109083786786098,0.2337354993500978,0.3892345795294189
596,rand_596,0.18132764065803783,0.23431104740368072,0.3892345795294189
597,rand_597,0.18025710735753112,0.23279513150122672,0.3892345795294189
598,rand_598,0.1810978392802282,0.23428848629238222,0.3892345795294189
599,rand_599,0.1808388192979968,0.23382550696283005,0.3892345795294189
600,rand_600,0.1799749238247954,0.23184759076248165,0.3892345795294189
601,rand_601,0.1811769820926067,0.2337967023179635,0.3892345795294189
602,rand_602,0.18095829666228816,0.23377744823852298,0.3892345795294189
603,rand_603,0.18107611385553804,0.23430778918124454,0.3892345795294189
604,rand_604,0.18154476901500166,0.2341955726595174,0.3892345795294189
605,rand_605,0.18089738392882723,0.23334248039860225,0.3892345795294189
606,rand_606,0.18085728454631286,0.2339622884906066,0.3892345795294189
607,rand_607,0.1811599654141735,0.23399510698416606,0.3892345795294189
608,rand_608,0.18097144485903652,0.23402850137301068,0.3892345795294189
609,rand_609,0.18141053309311583,0.23416722228671163,0.3892345795294189
610,rand_610,0.18086725235485288,0.23415460044977227,0.3892345795294189
611,rand_611,0.180908111816608,0.23322152700235474,0.3892345795294189
612,rand_612,0.18113538024481196,0.23386468542463767,0.3892345795294189
613,rand_613,0.18129411222398187,0.23445539776235663,0.3892345795294189
614,rand_614,0.18049913080496677,0.23354508513809694,0.3892345795294189
615,rand_615,0.18063586876890483,0.23387591889631182,0.3892345795294189
616,rand_616,0.18120095161850283,0.23383662045708992,0.3892345795294189
617,rand_617,0.18108285725871892,0.23444967382384682,0.3892345795294189
618,rand_618,0.1810456347350466,0.23379262614488733,0.3892345795294189
619,rand_619,0.18099997930862033,0.23321488222697415,0.3892345795294189
620,rand_620,0.18103005747583792,0.23462800364000433,0.3892345795294189
621,rand_621,0.18078195139052122,0.2336607911485413,0.3892345795294189
622,rand_622,0.1812321649346268,0.2339958518519914,0.3892345795294189
623,rand_623,0.1807057852682221,0.2336982883064927,0.3892345795294189
624,rand_624,0.18039125482365959,0.23323808991554923,0.3892345795294189
625,rand_625,0.18060722830070272,0.2333304899587398,0.3892345795294189
626,rand_626,0.1810121663145835,0.23373089531090283,0.3892345795294189
627,rand_627,0.18172460897982262,0.234124382229737,0.3892345795294189
628,rand_628,0.18120718110778763,0.2328947825510406,0.3892345795294189
629,rand_629,0.18091772713885043,0.23451966833123697,0.3892345795294189
630,rand_630,0.18139525885430816,0.2337203043512481,0.3892345795294189
631,rand_631,0.18130545864486305,0.2346560667881001,0.3892345795294189
632,rand_632,0.18109994121597345,0.2339811019520355,0.3892345795294189
633,rand_633,0.18153140610664506,0.2345372840933603,0.3892345795294189
634,rand_634,0.1809089027359688,0.23333743588641495,0.3892345795294189
635,rand_635,0.18195027357442703,0.23390888817204022,0.3892345795294189
636,rand_636,0.18116056163285363,0.23365899194253367,0.3892345795294189
637,rand_637,0.18101198000216442,0.23331791006561695,0.3892345795294189
638,rand_638,0.18088614452826826,0.23409650853127464,0.3892345795294189
639,rand_639,0.1813551366875545,0.23396621948349525,0.3892345795294189
640,rand_640,0.1806347515666732,0.23380037979902768,0.3892345795294189
641,rand_641,0.1807638450616876,0.23427609207279734,0.3892345795294189
642,rand_642,0.18140464669239084,0.2341653348119465,0.3892345795294189
643,rand_643,0.1804764840790548,0.23345292964956482,0.3892345795294189
644,rand_644,0.18114777086654682,0.23394931537992816,0.3892345795294189
645,rand_645,0.18063684176639563,0.23353578485581142,0.3892345795294189
646,rand_646,0.181061417827112,0.23373158866607677,0.3892345795294189
647,rand_647,0.1806206259024211,0.23346894173602142,0.3892345795294189
648,rand_648,0.1812957630340836,0.23371850768799307,0.3892345795294189
649,rand_649,0.1806148181129159,0.2334678914659159,0.3892345795294189
650,rand_650,0.18143728695619268,0.2338859412627325,0.3892345795294189
651,rand_651,0.18145489672638945,0.23455554683555677,0.3892345795294189
652,rand_652,0.1804661351139137,0.23321935052265516,0.3892345795294189
653,rand_653,0.18120199009807383,0.23433992989275476,0.3892345795294189
654,rand_654,0.1817331764008198,0.23347166067602154,0.3892345795294189
655,rand_655,0.1806464305056327,0.2332279697528704,0.3892345795294189
656,rand_656,0.18119567684923565,0.23427159960995902,0.3892345795294189
657,rand_657,0.18104835259352167,0.234462334447526,0.3892345795294189
658,rand_658,0.18122249660523904,0.23387944285276083,0.3892345795294189
659,rand_659,0.18094578961492172,0.2327748684790616,0.3892345795294189
660,rand_660,0.1807792223153486,0.23407252720141153,0.3892345795294189
661,rand_661,0.18125769357096497,0.2342415581423309,0.3892345795294189
662,rand_662,0.18099305130334623,0.23425806836736376,0.3892345795294189
663,rand_663,0.18098335633043158,0.23397076892894544,0.3892345795294189
664,rand_664,0.18052791907810323,0.23304225207051749,0.3892345795294189
665,rand_665,0.18147786227023757,0.2338088969804937,0.3892345795294189
666,rand_666,0.18097098442710163,0.23403743047318343,0.3892345795294189
667,rand_667,0.18093070188706867,0.2343249447429206,0.3892345795294189
668,rand_668,0.1811940190240212,0.23378347096750474,0.3892345795294189
669,rand_669,0.18176167009158084,0.2347683642032186,0.3892345795294189
670,rand_670,0.18128859982037565,0.2341981406018743,0.3892345795294189
671,rand_671,0.18091630120401417,0.23374985489682126,0.3892345795294189
672,rand_672,0.18079184530814774,0.23374953493963208,0.3892345795294189
673,rand_673,0.1813494275253243,0.23409890448417442,0.3892345795294189
674,rand_674,0.18139656347766528,0.2343713749442801,0.3892345795294189
675,rand_675,0.1802355465630409,0.23364121015713166,0.3892345795294189
676,rand_676,0.1808490273261573,0.23432992856464405,0.3892345795294189
677,rand_677,0.18136924589884884,0.2342173067776017,0.3892345795294189
678,rand_678,0.18085792334238715,0.23362993082405206,0.3892345795294189
679,rand_679,0.18123992339285405,0.23392402537261334,0.3892345795294189
680,rand_680,0.18136183584069202,0.2333906010235672,0.3892345795294189
681,rand_681,0.1816491258140965,0.23446042093413483,0.3892345795294189
682,rand_682,0.1811132501794557,0.2340109639616324,0.3892345795294189
683,rand_683,0.180752768635404,0.23402566877329026,0.3892345795294189
684,rand_684,0.18154495010835586,0.2335382907764418,0.3892345795294189
685,rand_685,0.18139082266653164,0.23395816252999882,0.3892345795294189
686,rand_686,0.18057541656949577,0.2339141279493307,0.3892345795294189
687,rand_687,0.1807466845876497,0.23356449332980095,0.3892345795294189
688,rand_688,0.1808668678588012,0.2337775981923919,0.3892345795294189
689,rand_689,0.18069964725218796,0.23357000407599804,0.3892345795294189
690,rand_690,0.18109305548881627,0.23375986195155649,0.3892345795294189
691,rand_691,0.18081437036321768,0.233494372608284,0.3892345795294189
692,rand_692,0.18062898211222206,0.23375908373323076,0.3892345795294189
693,rand_693,0.18146977107575699,0.23399622353093613,0.3892345795294189
694,rand_694,0.18046134475603914,0.23316395578937912,0.3892345795294189
695,rand_695,0.1814939641250273,0.2337591461335552,0.3892345795294189
696,rand_696,0.18152906253995402,0.23408410641006863,0.3892345795294189
697,rand_697,0.18092670493700252,0.23373726120594346,0.3892345795294189
698,rand_698,0.1810887633996114,0.23361310220545123,0.3892345795294189
699,rand_699,0.1810245746473287,0.23418995308733528,0.3892345795294189
700,rand_700,0.18075339836860624,0.23406807636250668,0.3892345795294189
701,rand_701,0.18138052891089246,0.23392147772600316,0.3892345795294189
702,rand_702,0.18191949730259915,0.23449821686400665,0.3892345795294189
703,rand_703,0.1811289773409411,0.233816718626388,0.3892345795294189
704,rand_704,0.18082675322243083,0.23388009883798352,0.3892345795294189
705,rand_705,0.18098279447032634,0.23388282856098838,0.3892345795294189
706,rand_706,0.18128564845776643,0.23357139957380507,0.3892345795294189
707,rand_707,0.18080633899515544,0.23354371755133,0.3892345795294189
708,rand_708,0.1815866953607401,0.23445297629646117,0.3892345795294189
709,rand_709,0.18110259324431663,0.23417571944107776,0.3892345795294189
710,rand_710,0.1813325185244376,0.23343064607866426,0.3892345795294189
711,rand_711,0.18130393783033075,0.23432158304645787,0.3892345795294189
712,rand_712,0.18163028527259445,0.2347358841028006,0.3892345795294189
713,rand_713,0.1811551671858841,0.2339342230024106,0.3892345795294189
714,rand_714,0.1811232295386809,0.2337461251746243,0.3892345795294189
715,rand_715,0.1810983279657128,0.23358682448868856,0.3892345795294189
716,rand_716,0.18133482460863581,0.23458707917955549,0.3892345795294189
717,rand_717,0.18083205915888925,0.23325280355640016,0.3892345795294189
718,rand_718,0.18120068272617132,0.23346954807947906,0.3892345795294189
719,rand_719,0.18103798024372217,0.2336298129751728,0.3892345795294189
720,rand_720,0.18117425329611783,0.23403215482566625,0.3892345795294189
721,rand_721,0.18171505029977958,0.23444748218218672,0.3892345795294189
722,rand_722,0.18066108847491502,0.23384813863259962,0.3892345795294189
723,rand_723,0.1812111897576193,0.2334505271923004,0.3892345795294189
724,rand_724,0.18124853451793205,0.2344351074519782,0.3892345795294189
725,rand_725,0.18097717904352628,0.23441673217810557,0.3892345795294189
726,rand_726,0.18122750339755583,0.23432616314601276,0.3892345795294189
727,rand_727,0.18109960761006672,0.23386751567287523,0.3892345795294189
728,rand_728,0.18109957939653404,0.23334236018682555,0.3892345795294189
729,rand_729,0.18138941767617242,0.23428164006185295,0.3892345795294189
730,rand_730,0.181662053711473,0.2345017968043103,0.3892345795294189
731,rand_731,0.18126216004735268,0.2341764509524636,0.3892345795294189
732,rand_732,0.18155593265789766,0.23482880981062262,0.3892345795294189
733,rand_733,0.18105797102636098,0.23430605039363597,0.3892345795294189
734,rand_734,0.18116118549500174,0.23387626143315704,0.3892345795294189
735,rand_735,0.18095078185275373,0.2331193610914528,0.3892345795294189
736,rand_736,0.18193412715561894,0.23418014639244725,0.3892345795294189
737,rand_737,0.18136577764616021,0.23395900244689727,0.3892345795294189
738,rand_738,0.18137658960419423,0.23416253264047313,0.3892345795294189
739,rand_739,0.18138051312574727,0.23463479906978912,0.3892345795294189
740,rand_740,0.18080165481574983,0.23346448807004974,0.3892345795294189
741,rand_741,0.181299610676108,0.23412198170107548,0.3892345795294189
742,rand_742,0.1809606434000556,0.23374694443376043,0.3892345795294189
743,rand_743,0.18102260861424274,0.23434300916119646,0.3892345795294189
744,rand_744,0.18058061861893435,0.23301733766446206,0.3892345795294189
745,rand_745,0.1819225329051006,0.2350997870553395,0.3892345795294189
746,rand_746,0.1813714552703746,0.2329053980627622,0.3892345795294189
747,rand_747,0.18129904752420067,0.23350317789071837,0.3892345795294189
748,rand_748,0.18150284491322494,0.2343672785430922,0.3892345795294189
749,rand_749,0.1813045847484095,0.23434625206446472,0.3892345795294189
750,rand_750,0.18130676258776476,0.23411004486859877,0.3892345795294189
751,rand_751,0.18164167720652796,0.23466134195057753,0.3892345795294189
752,rand_752,0.18101040286032155,0.2342238749783456,0.3892345795294189
753,rand_753,0.18061824301321422,0.23386931797840899,0.3892345795294189
754,rand_754,0.181385251254694,0.2335877760341771,0.3892345795294189
755,rand_755,0.1814914426286847,0.2345991044006161,0.3892345795294189
756,rand_756,0.18073486085863621,0.23418731739575152,0.3892345795294189
757,rand_757,0.18022952230730838,0.23340985411096046,0.3892345795294189
758,rand_758,0.18084821301378765,0.2340975449216722,0.3892345795294189
759,rand_759,0.1811917015344737,0.23340782594179996,0.3892345795294189
760,rand_760,0.18133484535986358,0.2339824017809696,0.3892345795294189
761,rand_761,0.1801953318067433,0.23357289739532466,0.3892345795294189
762,rand_762,0.18091401495445394,0.23424738062461234,0.3892345795294189
763,rand_763,0.18087698823017298,0.23470608301407997,0.3892345795294189
764,rand_764,0.1809645666636158,0.23384755487348968,0.3892345795294189
765,rand_765,0.18065146561318504,0.23361226630779255,0.3892345795294189
766,rand_766,0.18080804894041866,0.2343070204534243,0.3892345795294189
767,rand_767,0.18086144627600795,0.23311323526806832,0.3892345795294189
768,rand_768,0.18164101994607726,0.23392659021842838,0.3892345795294189
769,rand_769,0.18111171128598955,0.2341979896275705,0.3892345795294189
770,rand_770,0.18149461502893016,0.23423366802175594,0.3892345795294189
771,rand_771,0.18199137729101805,0.23434952689766972,0.3892345795294189
772,rand_772,0.1808132370185066,0.23323358345552297,0.3892345795294189
773,rand_773,0.18136259496259324,0.23442268976153396,0.3892345795294189
774,rand_774,0.18174015911197966,0.23358273280342232,0.3892345795294189
775,rand_775,0.18137457150086386,0.2337019374605434,0.3892345795294189
776,rand_776,0.18088605726109733,0.23360861152007892,0.3892345795294189
777,rand_777,0.18133642545849976,0.2334821685273,0.3892345795294189
778,rand_778,0.1808424788770956,0.23358573028809093,0.3892345795294189
779,rand_779,0.18058591606363286,0.23408114940410493,0.3892345795294189
780,rand_780,0.18082879420501569,0.23361733850028557,0.3892345795294189
781,rand_781,0.1813985162865139,0.23355131223336653,0.3892345795294189
782,rand_782,0.180984768383606,0.23381248921908215,0.3892345795294189
783,rand_783,0.18102645382559032,0.23343039211275393,0.3892345795294189
784,rand_784,0.18071138688106447,0.2334797639275316,0.3892345795294189
785,rand_785,0.1805086668631971,0.2333574617446523,0.3892345795294189
786,rand_786,0.18111016058522214,0.23412414377698523,0.3892345795294189
787,rand_787,0.18165593277247852,0.23412166748576085,0.3892345795294189
788,rand_788,0.18084605412019056,0.23384161326978467,0.3892345795294189
789,rand_789,0.1810818224080073,0.23385918732554323,0.3892345795294189
790,rand_790,0.18058337782664688,0.23287834957882686,0.3892345795294189
791,rand_791,0.18112853620068214,0.2336487340274004,0.3892345795294189
792,rand_792,0.18094700717665096,0.23394394248017766,0.3892345795294189
793,rand_793,0.1809023656825346,0.23388537367060735,0.3892345795294189
794,rand_794,0.1806907491072843,0.23385637762318143,0.3892345795294189
795,rand_795,0.18058885376208986,0.23373875555491053,0.3892345795294189
796,rand_796,0.18073623234831532,0.2329523769313267,0.3892345795294189
797,rand_797,0.1806584367215249,0.23324962450562506,0.3892345795294189
798,rand_798,0.18160701541698773,0.233838895687434,0.3892345795294189
799,rand_799,0.1814424091257635,0.23465226051482083,0.3892345795294189
800,rand_800,0.1808806663035649,0.23390590202656084,0.3892345795294189
801,rand_801,0.18080450856084468,0.23346651446277145,0.3892345795294189
802,rand_802,0.1816111164108523,0.23459919275049218,0.3892345795294189
803,rand_803,0.18073983195751012,0.233070247243382,0.3892345795294189
804,rand_804,0.18065576840262532,0.23398953643787432,0.3892345795294189
805,rand_805,0.18075692710756705,0.23398938848805173,0.3892345795294189
806,rand_806,0.18063663866562274,0.23369978320665347,0.3892345795294189
807,rand_807,0.18115043612088502,0.23356010631701082,0.3892345795294189
808,rand_808,0.18135150457156515,0.23419033218911744,0.3892345795294189
809,rand_809,0.18108144282037714,0.23368067438466972,0.3892345795294189
810,rand_810,0.1807123368331937,0.23336760471974294,0.3892345795294189
811,rand_811,0.18107917910772817,0.23409311453598491,0.3892345795294189
812,rand_812,0.18108931489503732,0.23413415460540465,0.3892345795294189
813,rand_813,0.1812819753053724,0.23384910549413157,0.3892345795294189
814,rand_814,0.18108385758419263,0.23467424532204365,0.3892345795294189
815,rand_815,0.18058701560487242,0.23351847346910617,0.3892345795294189
816,rand_816,0.18077203677483292,0.23391834893600424,0.3892345795294189
817,rand_817,0.18115003192193674,0.23400455305177284,0.3892345795294189
818,rand_818,0.18094745527320713,0.23359883984865482,0.3892345795294189
819,rand_819,0.18102802771218174,0.23400822683646855,0.3892345795294189
820,rand_820,0.1811054488328443,0.23382248660075183,0.3892345795294189
821,rand_821,0.18051818470020972,0.2333281094585607,0.3892345795294189
822,rand_822,0.18152078197293645,0.23403300760608695,0.3892345795294189
823,rand_823,0.18121951290733543,0.2339824410384986,0.3892345795294189
824,rand_824,0.18107867464014005,0.23368318092555423,0.3892345795294189
825,rand_825,0.18111907047547599,0.23445438877566874,0.3892345795294189
826,rand_826,0.18101023729477822,0.2342640587702869,0.3892345795294189
827,rand_827,0.18081063940493342,0.23317791604572327,0.3892345795294189
828,rand_828,0.18078881627467702,0.23326630992662648,0.3892345795294189
829,rand_829,0.18120333324392918,0.23354510316470758,0.3892345795294189
830,rand_830,0.18130897966599266,0.23406216006289235,0.3892345795294189
831,rand_831,0.18076692834536406,0.23428596747912175,0.3892345795294189
832,rand_832,0.18090969314312488,0.2332918583655332,0.3892345795294189
833,rand_833,0.18149911952901246,0.23378032907894022,0.3892345795294189
834,rand_834,0.18147015225179824,0.2338373390333842,0.3892345795294189
835,rand_835,0.18101593692586385,0.23353941712018528,0.3892345795294189
836,rand_836,0.18136164483163847,0.23339495304611071,0.3892345795294189
837,rand_837,0.1808575819307366,0.23349433796930383,0.3892345795294189
838,rand_838,0.18073626526034822,0.23339980140974836,0.3892345795294189
839,rand_839,0.18121795222644546,0.2339642504963784,0.3892345795294189
840,rand_840,0.18201597171629488,0.23446223354462398,0.3892345795294189
841,rand_841,0.18136266582975255,0.2342184339254219,0.3892345795294189
842,rand_842,0.1812173096668051,0.2337516635819064,0.3892345795294189
843,rand_843,0.18160839658576444,0.23469143869667713,0.3892345795294189
844,rand_844,0.18086004392925173,0.23343704368979598,0.3892345795294189
845,rand_845,0.18080481062951817,0.2340362244764557,0.3892345795294189
846,rand_846,0.1815946423281164,0.23418612745159206,0.3892345795294189
847,rand_847,0.18076192517312478,0.23411461692889052,0.3892345795294189
848,rand_848,0.1805332882422955,0.2329995056894759,0.3892345795294189
849,rand_849,0.1813178834157762,0.2331057789108622,0.3892345795294189
850,rand_850,0.1805745281139984,0.23341392719106596,0.3892345795294189
851,rand_851,0.18098856731532234,0.2345661155306792,0.3892345795294189
852,rand_852,0.18093763743120078,0.23378838029949628,0.3892345795294189
853,rand_853,0.18113289965927365,0.23360676143971668,0.3892345795294189
854,rand_854,0.18115759900243805,0.23389088211086337,0.3892345795294189
855,rand_855,0.18130802271942414,0.23481456777684445,0.3892345795294189
856,rand_856,0.18097916763731234,0.2342680021857193,0.3892345795294189
857,rand_857,0.1806062048614619,0.2338986498536707,0.3892345795294189
858,rand_858,0.181184515207271,0.23422935907556994,0.3892345795294189
859,rand_859,0.18154770641592713,0.2342178513584632,0.3892345795294189
860,rand_860,0.1814472397597283,0.2341915043516318,0.3892345795294189
861,rand_861,0.18108071389187877,0.23381154081775304,0.3892345795294189
862,rand_862,0.18072741897052172,0.2340539370951494,0.3892345795294189
863,rand_863,0.18132963646847475,0.2344344351536711,0.3892345795294189
864,rand_864,0.1801492285203181,0.23304202245873357,0.3892345795294189
865,rand_865,0.18106508849621963,0.23370954245960476,0.3892345795294189
866,rand_866,0.1811096887765023,0.23287262978792186,0.3892345795294189
867,rand_867,0.18056130037285026,0.2335375265637243,0.3892345795294189
868,rand_868,0.18143799317690504,0.23372871120163002,0.3892345795294189
869,rand_869,0.18191365281449687,0.23411454760943123,0.3892345795294189
870,rand_870,0.18125159919473802,0.23432735381905367,0.3892345795294189
871,rand_871,0.18075777284797348,0.23310075407726485,0.3892345795294189
872,rand_872,0.18098054312855885,0.23337699919452154,0.3892345795294189
873,rand_873,0.18076781966415137,0.23362026700441493,0.3892345795294189
874,rand_874,0.18068206455475647,0.2342199072706176,0.3892345795294189
875,rand_875,0.18114085368222949,0.23355900570992147,0.3892345795294189
876,rand_876,0.1808722888786921,0.23393579072013684,0.3892345795294189
877,rand_877,0.18128000297972016,0.23438716799670412,0.3892345795294189
878,rand_878,0.1811425430725761,0.23423856379419736,0.3892345795294189
879,rand_879,0.1812425761757121,0.2335581626450259,0.3892345795294189
880,rand_880,0.18069769310276435,0.23376993803287713,0.3892345795294189
881,rand_881,0.18139033910396296,0.23391097388399715,0.3892345795294189
882,rand_882,0.18070868224845962,0.23380941144518355,0.3892345795294189
883,rand_883,0.18130431277039222,0.23295420742989828,0.3892345795294189
884,rand_884,0.1809927693135598,0.2341318107619393,0.3892345795294189
885,rand_885,0.1808290176972499,0.2341391579597492,0.3892345795294189
886,rand_886,0.18175414142552473,0.23448849709220015,0.3892345795294189
887,rand_887,0.18059711204965626,0.2335748592523673,0.3892345795294189
888,rand_888,0.18095162513417154,0.23380371426291485,0.3892345795294189
889,rand_889,0.18081303983022873,0.2331163337203319,0.3892345795294189
890,rand_890,0.18002254641792717,0.23330669272352506,0.3892345795294189
891,rand_891,0.1807845390621182,0.23403648281266462,0.3892345795294189
892,rand_892,0.18108496376361083,0.2342392297016706,0.3892345795294189
893,rand_893,0.1814411557954261,0.2340090271913335,0.3892345795294189
894,rand_894,0.18181466955975323,0.23429192623693315,0.3892345795294189
895,rand_895,0.1806634614140389,0.23361727395990248,0.3892345795294189
896,rand_896,0.18199356094514224,0.23429413426442824,0.3892345795294189
897,rand_897,0.1811996574369267,0.23417635477028767,0.3892345795294189
898,rand_898,0.18087574822850436,0.23327439867336344,0.3892345795294189
899,rand_899,0.18136702474589597,0.23457162146274274,0.3892345795294189
900,rand_900,0.18166447873244515,0.2341450540635561,0.3892345795294189
901,rand_901,0.1813001960716891,0.2340114256961913,0.3892345795294189
902,rand_902,0.18070163783961685,0.23429308789380812,0.3892345795294189
903,rand_903,0.18111645505332113,0.2336493732651344,0.3892345795294189
904,rand_904,0.1804301692155623,0.23342019144098178,0.3892345795294189
905,rand_905,0.18079933903830267,0.23331531357142637,0.3892345795294189
906,rand_906,0.1806532397662173,0.23344736772904504,0.3892345795294189
907,rand_907,0.1802130138307142,0.23360901849255417,0.3892345795294189
908,rand_908,0.18079758555998868,0.23334028553311134,0.3892345795294189
909,rand_909,0.18216065092842124,0.23417095093693396,0.3892345795294189
910,rand_910,0.1805590861651371,0.23350863515206155,0.3892345795294189
911,rand_911,0.18114241550777693,0.23425552253701346,0.3892345795294189
912,rand_912,0.18136288278538462,0.23423940093591605,0.3892345795294189
913,rand_913,0.18107515164948992,0.23368507218633106,0.3892345795294189
914,rand_914,0.18100628578274972,0.23423958868374076,0.3892345795294189
915,rand_915,0.18002938209613167,0.23353704161119151,0.3892345795294189
916,rand_916,0.18161750484711106,0.23401291895207868,0.3892345795294189
917,rand_917,0.18038962554871266,0.23294807909826387,0.3892345795294189
918,rand_918,0.18109404276155963,0.2340660693952537,0.3892345795294189
919,rand_919,0.18102070579609858,0.23372372646800946,0.3892345795294189
920,rand_920,0.18146340129250385,0.23410270001022374,0.3892345795294189
921,rand_921,0.18027778614774273,0.23349627643748916,0.3892345795294189
922,rand_922,0.1808567534883112,0.2340312668774523,0.3892345795294189
923,rand_923,0.18083249070933877,0.23453285287694464,0.3892345795294189
924,rand_924,0.18137261766998644,0.23321360496190296,0.3892345795294189
925,rand_925,0.18111838742559533,0.23300503497181435,0.3892345795294189
926,rand_926,0.18081860513779932,0.2336529204771017,0.3892345795294189
927,rand_927,0.18082534524900595,0.23404273259051322,0.3892345795294189
928,rand_928,0.18103103038473467,0.23359705203538042,0.3892345795294189
929,rand_929,0.1809116039811128,0.23351979716695162,0.3892345795294189
930,rand_930,0.18098686612813372,0.2340750304347295,0.3892345795294189
931,rand_931,0.18114259488526266,0.23406093740658002,0.3892345795294189
932,rand_932,0.18125798625581072,0.23408928454430414,0.3892345795294189
933,rand_933,0.1807418987252307,0.23279366090337972,0.3892345795294189
934,rand_934,0.18162612040462467,0.2345088786156846,0.3892345795294189
935,rand_935,0.18135702208382332,0.23347706144646665,0.3892345795294189
936,rand_936,0.18074103780211928,0.23340379656191926,0.3892345795294189
937,rand_937,0.18068150002914496,0.23381114935087963,0.3892345795294189
938,rand_938,0.1816852512746732,0.23428615763332078,0.3892345795294189
939,rand_939,0.18118081889891174,0.2336732994818712,0.3892345795294189
940,rand_940,0.1807822271388503,0.2340798376508664,0.3892345795294189
941,rand_941,0.18172914355074823,0.23356244238877133,0.3892345795294189
942,rand_942,0.18125409059231448,0.23332273061852188,0.3892345795294189
943,rand_943,0.18102061889678406,0.23309829457255446,0.3892345795294189
944,rand_944,0.18092576206073552,0.23375812446022604,0.3892345795294189
945,rand_945,0.18131650056395415,0.23403826150291823,0.3892345795294189
946,rand_946,0.1810457008434948,0.23365220499860487,0.3892345795294189
947,rand_947,0.1807745011911477,0.23337350530669373,0.3892345795294189
948,rand_948,0.1812242141424669,0.23362961918447844,0.3892345795294189
949,rand_949,0.18147343283723716,0.23446054437446257,0.3892345795294189
950,rand_950,0.18100248183018414,0.23384357196553393,0.3892345795294189
951,rand_951,0.181106418181557,0.2346108270503424,0.3892345795294189
952,rand_952,0.18163503529029099,0.234215603835311,0.3892345795294189
953,rand_953,0.18088191435115222,0.2330993197357771,0.3892345795294189
954,rand_954,0.18080698872061612,0.23356247890928566,0.3892345795294189
955,rand_955,0.18167367041263555,0.23483636351003023,0.3892345795294189
956,rand_956,0.18127119787190707,0.234035411199477,0.3892345795294189
957,rand_957,0.18154658185275355,0.23475714091272842,0.3892345795294189
958,rand_958,0.1811340398197451,0.2338924585463665,0.3892345795294189
959,rand_959,0.1811083835582313,0.23371628997501478,0.3892345795294189
960,rand_960,0.18114053673395,0.23327189487130193,0.3892345795294189
961,rand_961,0.1808527637668386,0.2331696145031094,0.3892345795294189
962,rand_962,0.18130372889452837,0.23428660479441113,0.3892345795294189
963,rand_963,0.18084729577708256,0.2336123518211271,0.3892345795294189
964,rand_964,0.18091854469648017,0.2327494821607598,0.3892345795294189
965,rand_965,0.18089612060498364,0.23389987636962786,0.3892345795294189
966,rand_966,0.1806174885193126,0.23383674900066664,0.3892345795294189
967,rand_967,0.18060075638262696,0.23282559435961966,0.3892345795294189
968,rand_968,0.18127963521926466,0.23400214300256822,0.3892345795294189
969,rand_969,0.18108874476056958,0.23351483132407763,0.3892345795294189
970,rand_970,0.18012408088738077,0.23337034161684173,0.3892345795294189
971,rand_971,0.18095075133002358,0.23395386853248454,0.3892345795294189
972,rand_972,0.18095125568647755,0.2341628629277984,0.3892345795294189
973,rand_973,0.18137269521847627,0.2337756352890717,0.3892345795294189
974,rand_974,0.1807086270023396,0.23367469116920997,0.3892345795294189
975,rand_975,0.18110344556235056,0.23416934351620408,0.3892345795294189
976,rand_976,0.18085452365437066,0.23368240657315542,0.3892345795294189
977,rand_977,0.18054512543524756,0.2337267754625153,0.3892345795294189
978,rand_978,0.18101461939315683,0.23400106747816626,0.3892345795294189
979,rand_979,0.1810039632081876,0.2340781317441411,0.3892345795294189
980,rand_980,0.18039987973471613,0.2331484416819336,0.3892345795294189
981,rand_981,0.18078476980132185,0.23425773921931645,0.3892345795294189
982,rand_982,0.18123522301023104,0.23350570265434722,0.3892345795294189
983,rand_983,0.18077040603274563,0.2335582287031228,0.3892345795294189
984,rand_984,0.1811677073784675,0.2341716779248902,0.3892345795294189
985,rand_985,0.18126552797600257,0.23450547864656515,0.3892345795294189
986,rand_986,0.1819721003097167,0.2343855649806259,0.3892345795294189
987,rand_987,0.18141475156510162,0.23410063827859945,0.3892345795294189
988,rand_988,0.1814985320989779,0.23442420239078393,0.3892345795294189
989,rand_989,0.1809829635460897,0.2334899538537255,0.3892345795294189
990,rand_990,0.180701020851946,0.23386831650678575,0.3892345795294189
991,rand_991,0.1815951343542344,0.23431764593333299,0.3892345795294189
992,rand_992,0.18047422486999096,0.23400584250785808,0.3892345795294189
993,rand_993,0.1812332197710793,0.23374670708251527,0.3892345795294189
994,rand_994,0.18058512631271492,0.2335891692445606,0.3892345795294189
995,rand_995,0.1807663513348854,0.23377567299238852,0.3892345795294189
996,rand_996,0.18145758463243486,0.23337535910172183,0.3892345795294189
997,rand_997,0.18117119866709594,0.23382548843268666,0.3892345795294189
998,rand_998,0.18086205474118464,0.2335530428064472,0.3892345795294189
999,rand_999,0.1810225979161718,0.23366968962593831,0.3892345795294189
